{"loss": [2.071408748626709, 2.073444366455078, 2.073444366455078, 2.073444366455078, 2.0734446048736572], "binary_accuracy": [0.865218460559845, 0.8655784726142883, 0.8655784726142883, 0.8655784726142883, 0.8655784726142883], "val_loss": [2.0766491889953613, 2.0766491889953613, 2.0766491889953613, 2.0766491889953613, 2.0766491889953613], "val_binary_accuracy": [0.8653707504272461, 0.8653707504272461, 0.8653707504272461, 0.8653707504272461, 0.8653707504272461]}